customer_id,age,monthly_spend,tenure_months,support_calls,contract_type,churn
1,25,45.50,6,3,Monthly,1
2,42,89.20,36,1,Annual,0
3,35,67.80,18,2,Monthly,0
4,51,120.40,60,0,Annual,0
5,29,55.00,8,4,Monthly,1
6,46,95.30,48,1,Annual,0
7,31,,12,5,Monthly,1
8,38,74.60,24,2,Annual,0
9,27,49.90,5,6,Monthly,1
10,55,130.20,72,0,Annual,0
11,33,62.40,15,3,Monthly,1
12,44,88.70,40,1,Annual,0
13,,52.30,7,4,Monthly,1
14,39,79.50,30,2,Annual,0
15,26,43.80,4,5,Monthly,1
16,48,102.60,54,1,Annual,0
17,36,69.40,20,3,Monthly,0
18,52,115.80,65,0,Annual,0
19,30,58.90,10,4,Monthly,1
20,41,84.30,34,1,Annual,0
